{
    "gpu_id": 0,
    "draw_roi_area": true,
    "roi_color": [255, 255, 0, 0.7],
    "roi": ["POLYGON((0.07878787878787878 0.1575,0.05757575757575758 0.8925,0.8484848484848485 0.9325,0.7742424242424243 0.0875,0.4257575757575758 0.0575))"],
    "roi_line_thickness": 3,
    "roi_fill": false,
    "draw_result": true,
    "draw_confidence": true,
    "thresh": 0.5,

    "dog_rect_color": [0, 255, 0, 0],
    "object_rect_line_thickness": 3,
    "object_text_color": [255, 255, 255, 0],
    "object_text_bg_color": [50, 50, 50, 0],
    "object_text_size": 30,
    "draw_warning_text": true,
    "warning_text": "WARNING! WARNING!",
    "warning_text_size": 30,
    "warning_text_color": [255, 255, 255, 0],
    "warning_text_bg_color": [0, 0, 200, 0],
    "warning_text_left_top": [0, 0]
}
